<?xml version="1.0" encoding="UTF-8"?>
<beans xmlns="http://www.springframework.org/schema/beans"
	xmlns:xsi="http://www.w3.org/2001/XMLSchema-instance"
	xmlns:context="http://www.springframework.org/schema/context"
	xmlns:jdbc="http://www.springframework.org/schema/jdbc"
	xmlns:jee="http://www.springframework.org/schema/jee"
	xsi:schemaLocation="http://www.springframework.org/schema/beans http://www.springframework.org/schema/beans/spring-beans.xsd
		http://www.springframework.org/schema/context http://www.springframework.org/schema/context/spring-context.xsd
		http://www.springframework.org/schema/jdbc http://www.springframework.org/schema/jdbc/spring-jdbc.xsd
		http://www.springframework.org/schema/jee http://www.springframework.org/schema/jee/spring-jee.xsd">


	<import resource="test-infrastructure-config.xml"/>

	
	 <bean id="accountRepository" class="com.way2learnonline.repository.JdbcAccountRepositoryImpl">
		<constructor-arg  ref="dataSource"/>
	</bean> 
	
	<bean id="transactionRepository" class="com.way2learnonline.repository.JdbcTransactionRepositoryImpl">
		<constructor-arg ref="dataSource" />
	</bean>

	<bean id="rewardRepository" class="com.way2learnonline.repository.JdbcRewardRepositoryImpl">
		<constructor-arg ref="dataSource" />
	</bean>
	
	<bean id="emailService" class="com.way2learnonline.service.EmailServiceImpl" />
	
	<bean id="bankService" class="com.way2learnonline.service.BankServiceImpl">
		
		<property name="accountRepository" ref="accountRepository" />
		<property name="emailService" ref="emailService" />
		<property name="transactionRepository" ref="transactionRepository" />
		<property name="rewardRepository"  ref="rewardRepository" />
		 
	</bean> 
	
	
	 

	
	
	
</beans>
